Coupling,Cohesion,Complxity,Sability,Standard Deviation,Encapsulation,Interfacing
3.2611940298507465,0.09701492537313433,0.7416762342135476,0.30597014925373134,3.701401130491951,0.12437810945273631,0.029850746268656716
0.5,0.5,0.5,0.5,0.5,0.5,0.5,0.5,0.5,0.5,0.5
