Coupling,Cohesion,Complxity,Sability,Standard Deviation,Encapsulation,Interfacing
3.4210526315789473,0.17293233082706766,1.1573404665509928,0.45112781954887216,2.418811557490444,0.15288220551378448,0.015037593984962405
0.5,0.5,0.5,0.5,0.5,0.5,0.5,0.5,0.5,0.5,0.5
