Coupling,Cohesion,Complxity,Sability,Standard Deviation,Encapsulation,Interfacing
5.226190476190476,0.14285714285714285,1.4839222803508518,0.4523809523809524,5.305511374659724,0.13293650793650794,0.05952380952380952
0.5,0.5,0.5,0.5,0.5,0.5,0.5,0.5,0.5,0.5,0.5
