Coupling,Cohesion,Complxity,Sability,Standard Deviation,Encapsulation,Interfacing
8.8,0.4,1.4865262515262514,0.58,4.5591352563522705,0.1636507936507936,0.04
0.5,0.5,0.5,0.5,0.5,0.5,0.5,0.5,0.5,0.5,0.5
