Average Of Parameters Methods,Average Of Number of Edges,Average Of Number of Actions,Average Of Locality,Coupling,Cohesion,Complxity,Sability,Standard Deviation,Encapsulation,Interfacing
0.7019230769230769,2.3365384615384617,2.0673076923076925,1.0,3.208053691275168,0.08053691275167785,1.1818791946308727,0.35570469798657717,1.5626757111432268,0.09127516778523488,0.04697986577181208
0.5,0.5,0.5,0.5,0.5,0.5,0.5,0.5,0.5,0.5,0.5
