Coupling,Cohesion,Complxity,Sability,Standard Deviation,Encapsulation,Interfacing
3.6403508771929824,0.15789473684210525,1.1335377771523285,0.41228070175438597,3.2017985164751486,0.13888888888888887,0.017543859649122806
0.5,0.5,0.5,0.5,0.5,0.5,0.5,0.5,0.5,0.5,0.5
