Coupling,Cohesion,Complxity,Sability,Standard Deviation,Encapsulation,Interfacing
8.415094339622641,0.8113207547169812,1.6256594558481352,0.5471698113207547,6.442499942975512,0.11132075471698114,0.03773584905660377
0.5,0.5,0.5,0.5,0.5,0.5,0.5,0.5,0.5,0.5,0.5
